concept_id,skill_uri,skill_name,skill_type,skill_description
1,http://data.europa.eu/esco/skill/eb0e5615-1575-4a86-a1a2-7d39595033c5,abap,knowledge,"The techniques and principles of software development, such as analysis, algorithms, coding, testing and compiling of programming paradigms in ABAP."
2,http://data.europa.eu/esco/skill/b9f16465-56a9-426b-a047-0f9f1f95ec92,address problems critically,skill/competence,"Identify the strengths and weaknesses of various abstract, rational concepts, such as issues, opinions, and approaches related to a specific problematic situation in order to formulate solutions and alternative methods of tackling the situation."
3,http://data.europa.eu/esco/skill/0868eef3-2213-4572-9343-74931345a7d3,administer ict system,skill/competence,"Handle components of ICT system by maintaining configuration, managing users, monitoring resource use, performing backups and installing hardware or software to comply with the set requirements."
4,http://data.europa.eu/esco/skill/0a9acb6b-1139-4be9-b431-3a80a959f2f4,agile project management,knowledge,"The agile project management approach is a methodology for planning, managing and overseeing of ICT resources in order to meet specific goals and using project management ICT tools."
5,http://data.europa.eu/esco/skill/b4dc6e4f-dc7d-445f-8ce2-d7b9d225e282,ajax,knowledge,"The techniques and principles of software development, such as analysis, algorithms, coding, testing and compiling of programming paradigms in AJAX."
6,http://data.europa.eu/esco/skill/8c88d336-c249-4537-b26e-d679a85c4b9b,ajax framework,knowledge,The Ajax software development environments which provide specific features and components that support and guide web applications development.
7,http://data.europa.eu/esco/skill/54924a2c-daca-40d3-9716-4b38ceb04f38,algorithms,knowledge,"The self-contained step-by-step sets of operations that carry out calculations, data processing and automated reasoning, usually to solve problems."
8,http://data.europa.eu/esco/skill/47a49cd6-097d-457a-9f7b-c290c14930d5,analyse big data,skill/competence,"Collect and evaluate numerical data in large quantities, especially for the purpose of identifying patterns between the data."
9,http://data.europa.eu/esco/skill/b04f377b-ee80-4b38-aca1-19d266a23b17,analyse business requirements,skill/competence,Study clients' needs and expectations for a product or service in order to identify and resolve inconsistencies and possible disagreements of involved stakeholders.
10,http://data.europa.eu/esco/skill/484d048c-a5d1-46a5-b57f-45b69c0ac552,analyse pipeline database information,skill/competence,"Retrieve and analyse different types of information extracted from the databases of pipelines companies. Analyse information such as risks, project management KPIs (key performance indicators), goods transportation times, and document back-up processes."
11,http://data.europa.eu/esco/skill/58d7a289-dafd-4363-833f-d1dc4140885e,apl,knowledge,"The techniques and principles of software development, such as analysis, algorithms, coding, testing and compiling of programming paradigms in APL."
12,http://data.europa.eu/esco/skill/b363bb5f-2c79-40af-94da-33e06f9dee9f,apply blended learning,skill/competence,"Be familiar with blended learning tools by combining traditional face-to-face and online learning, using digital tools, online technologies, and e-learning methods."
13,http://data.europa.eu/esco/skill/0a43729f-2a79-4dae-9faa-95520daae79f,apply company policies,skill/competence,Apply the principles and rules that govern the activities and processes of an organisation.
14,http://data.europa.eu/esco/skill/5f0082ab-2131-49b5-94d6-a1821daf57d6,apply for research funding,skill/competence,Identify key relevant funding sources and prepare research grant application in order to obtain funds and grants. Write research proposals.
15,http://data.europa.eu/esco/skill/cbe2c304-1e7d-489a-97d9-a7d3e37a9db6,apply ict systems theory,skill/competence,Implement principles of ICT systems theory in order to explain and document system characteristics that can be applied universally to other systems.
16,http://data.europa.eu/esco/skill/86d2e2ea-1ba2-4aa6-b465-8a1f9abc81b8,apply information security policies,skill/competence,"Implement policies, methods and regulations for data and information security in order to respect confidentiality, integrity and availability principles."
17,http://data.europa.eu/esco/skill/833289fa-3646-4010-9d9e-93ba8c9ef2d8,apply research ethics and scientific integrity principles in research activities,skill/competence,"Apply fundamental ethical principles and legislation to scientific research, including issues of research integrity. Perform, review, or report research avoiding misconducts such as fabrication, falsification, and plagiarism."
18,http://data.europa.eu/esco/skill/382c11ed-20d5-4ae7-b60e-15fec527fa6c,apply statistical analysis techniques,skill/competence,"Use models (descriptive or inferential statistics) and techniques (data mining or machine learning) for statistical analysis and ICT tools to analyse data, uncover correlations and forecast trends."
19,http://data.europa.eu/esco/skill/4d30ad07-9e39-4899-81dd-02b280f162f9,apply systemic design thinking,skill/competence,"Apply the process of combining systems thinking methodologies with human-centred design in order to solve complex societal challenges in an innovative and sustainable way. This is most often applied in social innovation practices that focus less on designing stand-alone products and services to designing complex service systems, organizations or policies that bring value to the society as a whole."
20,http://data.europa.eu/esco/skill/c32ad607-0c4d-4e34-b73f-668298f7bf13,apply technical communication skills,skill/competence,"Explain technical details to non-technical customers, stakeholders, or any other interested parties in a clear and concise manner."
21,http://data.europa.eu/esco/skill/5608d5a0-6d5e-43b7-be37-616501729bb4,artificial neural networks,knowledge,A network of artificial neurons composed for solving artificial intelligence problems. These computing systems are inspired by the biological neural networks that constitute brains. Understanding of its general model and its elements. Knowledge of its use possibilities for automation.
22,http://data.europa.eu/esco/skill/56a7f561-1d55-43c9-9cd7-36a0a9bc6c50,asp.net,knowledge,"The techniques and principles of software development, such as analysis, algorithms, coding, testing and compiling of programming paradigms in ASP.NET."
23,http://data.europa.eu/esco/skill/47b9bbcf-356c-4782-83a4-7f5a1b2b51a3,assembly (computer programming),knowledge,"The techniques and principles of software development, such as analysis, algorithms, coding, testing and compiling of programming paradigms in Assembly."
24,http://data.europa.eu/esco/skill/0dc7aa1b-b5af-4f4b-81ce-ee22ed8b6926,assess ict knowledge,skill/competence,Evaluate the implicit mastery of skilled experts in an ICT system to make it explicit for further analysis and usage.
25,http://data.europa.eu/esco/skill/9ba8fd27-275d-4bad-8c48-f668aa99a578,balance database resources,skill/competence,"Stabilise the workload and resources of a database, by controlling the demand of transactions, allocating disk spaces and ensuring reliability of the servers in order to optimise cost and risk ratio."
26,http://data.europa.eu/esco/skill/dc72ad0a-c5dc-4abd-bc0d-ca43e82162e1,build business relationships,skill/competence,"Establish a positive, long-term relationship between organisations and interested third parties such as suppliers, distributors, shareholders and other stakeholders in order to inform them of the organisation and its objectives."
27,http://data.europa.eu/esco/skill/38d49d88-9069-467b-b29e-3cae739bdd4d,build predictive models,skill/competence,Create models to predict the probability of an outcome.
28,http://data.europa.eu/esco/skill/505e4ef3-7ce4-437d-b7b4-5c608f71c258,build recommender systems,skill/competence,Construct recommendation systems based on large data sets using programming languages or computer tools to create a subclass of information filtering system that seeks to predict the rating or preference a user gives to an item.
29,http://data.europa.eu/esco/skill/98a1dec3-8138-4f46-a596-5e2a83b884b9,business analytics,knowledge,The disciplines and technologies for solving business problems through employing quantitative methods such as data analysis and statistical models.
30,http://data.europa.eu/esco/skill/143769cb-b61e-47d8-a61e-eedfbec1016c,business intelligence,knowledge,The tools used to transform large amounts of raw data into relevant and helpful business information.
31,http://data.europa.eu/esco/skill/98301d4a-2cc3-439d-8d7f-0b6ac76302bb,business process modelling,knowledge,"The tools, methods and notations such as Business Process Model and Notation (BPMN) and Business Process Execution Language (BPEL), used to describe and analyse the characteristics of a business process and model its further development."
32,http://data.europa.eu/esco/skill/9e84a506-df06-4be3-874a-fa01293e3dd5,business processes,knowledge,"Processes which an organisation applies to improve efficiency, set new objectives and reach goals in a profitable and timely manner."
33,http://data.europa.eu/esco/skill/4c016b68-4116-468c-9dc6-42710c239e4a,c#,knowledge,"The techniques and principles of software development, such as analysis, algorithms, coding, testing and compiling of programming paradigms in C#."
34,http://data.europa.eu/esco/skill/b633eb55-8f1f-4ae6-ab4c-2022ffe2cb7f,c++,knowledge,"The techniques and principles of software development, such as analysis, algorithms, coding, testing and compiling of programming paradigms in C++."
35,http://data.europa.eu/esco/skill/c5ed451b-ef39-47a3-aee7-8f5be0aa8431,ca datacom/db,knowledge,"The computer program CA Datacom/DB is a tool for creating, updating and managing databases, currently developed by the software company CA Technologies."
36,http://data.europa.eu/esco/skill/bd14968e-e409-45af-b362-3495ed7b10e0,cloud technologies,knowledge,"The technologies which enable access to hardware, software, data and services through remote servers and software networks irrespective of their location and architecture."
37,http://data.europa.eu/esco/skill/def007fa-5fed-4a5f-91a2-b0d7e3db1be1,cobol,knowledge,"The techniques and principles of software development, such as analysis, algorithms, coding, testing and compiling of programming paradigms in COBOL."
38,http://data.europa.eu/esco/skill/993b1e23-f2de-4bd8-b33f-f86dde1c8e9d,coffeescript,knowledge,"The techniques and principles of software development, such as analysis, algorithms, coding, testing and compiling of programming paradigms in CoffeeScript."
39,http://data.europa.eu/esco/skill/71746a0b-e58d-4dc4-ad03-bd84082eae21,collect customer feedback on applications,skill/competence,Gather a response and analyse data from customers to identify requests or problems in order to improve applications and overall customer satisfaction.
40,http://data.europa.eu/esco/skill/79e29b8b-47d1-470d-b7b1-32506bfe7d9a,collect ict data,skill/competence,Gather data by designing and applying search and sampling methods.
41,http://data.europa.eu/esco/skill/0cd6dcf1-5778-42a5-b685-4d01ae4a4871,common lisp,knowledge,"The techniques and principles of software development, such as analysis, algorithms, coding, testing and compiling of programming paradigms in Common Lisp."
42,http://data.europa.eu/esco/skill/ff64e9fc-36dd-4035-872a-83aa41dc1ad9,communicate with a non-scientific audience,skill/competence,"Communicate about scientific findings to a non-scientific audience, including the general public. Tailor the communication of scientific concepts, debates, findings to the audience, using a variety of methods for different target groups, including visual presentations."
43,http://data.europa.eu/esco/skill/e464363b-8346-421d-9035-52118b76d8c8,computational biology,knowledge,The interdisciplinary scientific field that focus on employing data analytics and theories to investigate biological systems obtained through experiments.
44,http://data.europa.eu/esco/skill/21d2f96d-35f7-4e3f-9745-c533d2dd6e97,computer programming,knowledge,"The techniques and principles of software development, such as analysis, algorithms, coding, testing and compiling of programming paradigms (e.g. object oriented programming, functional programming) and of programming languages."
45,http://data.europa.eu/esco/skill/7b5cce4d-c7fe-4119-b48f-70aa05391787,computer science,knowledge,"The scientific and practical study that deals with the foundations of information and computation, namely algorithms, data structures, programming, and data architecture. It deals with the practicability, structure and mechanisation of the methodical procedures that manage the acquisition, processing, and access to information."
46,http://data.europa.eu/esco/skill/0823ccef-813f-4f22-afef-ac0d68615e8f,computer simulation,knowledge,"A programme run on a computer that represents dynamic responses of a system to explore a mathematical model behaviour, using a model of a real system, composed of mathematical equations."
47,http://data.europa.eu/esco/skill/7b0d5000-00da-4864-b776-6de49a87a669,computer vision,knowledge,"The definition and functioning of computer vision. Computer vision tools to allow computers to extract information from digital images such as photographs or video. Areas of application to solve real-world problems like security, autonomous driving, robotic manufacturing and inspection, digital image classification, medical image processing and diagnosis, and others."
48,http://data.europa.eu/esco/skill/f7b071bf-4882-4cfc-ae0a-7e0e0ab94c61,conduct research across disciplines,skill/competence,Work and use research findings and data across disciplinary and/or functional boundaries.
49,http://data.europa.eu/esco/skill/fbafa41f-cd05-4109-a649-8b44d306d779,create data models,skill/competence,"Use specific techniques and methodologies to analyse the data requirements of an organisation's business processes in order to create models for these data, such as conceptual, logical and physical models. These models have a specific structure and format."
50,http://data.europa.eu/esco/skill/906323f4-00c4-4c3b-ab5a-8af77be3456e,create data sets,skill/competence,Generate a collection of new or existing related data sets that are made up out of separate elements but can be manipulated as one unit.
51,http://data.europa.eu/esco/skill/84f58e3d-8669-4d83-8c1d-5dd1e73a654f,create database diagrams,skill/competence,Develop the database design models and diagrams which establish the structure of a database by using modelling software tools to be implemented in further processes.
52,http://data.europa.eu/esco/skill/3bddfd7c-ab6d-40c2-883d-5e97fb7640ba,create software design,skill/competence,Transpose a series of requirements into a clear and organised software design.
53,http://data.europa.eu/esco/skill/03b9b491-fc9b-4868-914a-bf7cd47b5041,create solutions to problems,skill/competence,"Solve problems which arise in planning, prioritising, organising, directing/facilitating action and evaluating performance. Use systematic processes of collecting, analysing, and synthesising information to evaluate current practice and generate new understandings about practice."
54,http://data.europa.eu/esco/skill/1a4cc54f-1e53-442b-a6d2-1682dc8ef8f9,creatively use digital technologies,skill/competence,Use digital tools and technologies to create knowledge and to innovate processes and products. Engage individually and collectively in cognitive processing to understand and resolve conceptual problems and problem situations in digital environments.
55,http://data.europa.eu/esco/skill/97bd1c21-66b2-4b7e-ad0f-e3cda590e378,data analytics,knowledge,The science of analysing and making decisions based on raw data collected from various sources. Includes knowledge of techniques using algorithms that derive insights or trends from that data to support decision-making processes.
56,http://data.europa.eu/esco/skill/48db96bf-3314-45c6-bad8-fdb6e20e5639,data engineering,knowledge,The process of developing and constructing systems for implementing data collection and analysis at large scale.
57,http://data.europa.eu/esco/skill/e9575f7f-053a-439e-8074-f93df3334e92,data ethics,knowledge,"The subfield of ethics that assess whether data practices are considerable ethical. It assesses processes such as collecting, analysing and disseminating structured and unstructured data that might negatively impact the society."
58,http://data.europa.eu/esco/skill/9d0d89be-bffa-4393-b6f6-8d05bea49051,"data extraction, transformation and loading tools",knowledge,"The tools for integration of information from multiple applications, created and maintained by organisations, into one consistent and transparent data structure."
59,http://data.europa.eu/esco/skill/25f0ea33-b4a2-4f31-b7b4-7d20e827b180,data mining,knowledge,"The methods of artificial intelligence, machine learning, statistics and databases used to extract content from a dataset."
60,http://data.europa.eu/esco/skill/fecf8a0d-62c4-4e71-9b03-0f4fc2ad7bf5,data models,knowledge,"The techniques and existing systems used for structuring data elements and showing relationships between them, as well as methods for interpreting the data structures and relationships."
61,http://data.europa.eu/esco/skill/cc7370dd-69fa-4c67-a96f-d4d135d38700,data quality assessment,knowledge,"The process of revealing data issues using ​quality indicators, measures and metrics in order to plan data cleansing and data enrichment strategies according to data quality criteria."
62,http://data.europa.eu/esco/skill/edebd83d-35f6-4ed5-a940-6c203d178c01,data science,knowledge,The field of study that deals with big amount of data using AI techniques such as machine learning algorithms to predict patterns and obtain useful information to make business decisions.
63,http://data.europa.eu/esco/skill/a7f0fbe0-c546-4f30-8e41-34a58c64567e,data storage,knowledge,"The physical and technical concepts of how digital data storage is organised in specific schemes both locally, such as hard-drives and random-access memories (RAM) and remotely, via network, internet or cloud."
64,http://data.europa.eu/esco/skill/65e58886-bd1e-4c5b-8ca5-8d9b353c8aa1,data visualisation software,knowledge,"A computer tool or application that creates a graphical and visual representation of data, allowing a better understanding and interpretation of complex data through visual elements such as maps, charts, infographics or graphs."
65,http://data.europa.eu/esco/skill/3ec2e4d6-7000-4905-bf1a-c5b1679416de,data warehouse,knowledge,The data storage system that analyses and reports on data such as a data mart.
66,http://data.europa.eu/esco/skill/43ae58b9-5e56-4524-b45a-b422777a0576,database,knowledge,"The classification of databases, that includes their purpose, characteristics, terminology, models and use such as XML databases, document-oriented databases and full text databases."
67,http://data.europa.eu/esco/skill/9ef0f3a0-9ce2-4ef1-a987-0366b5cb2dbe,database development tools,knowledge,"The methodologies and tools used for creating logical and physical structure of databases, such as logical data structures, diagrams, modelling methodologies and entity-relationships."
68,http://data.europa.eu/esco/skill/ab1e97ed-2319-4293-a8b7-072d2648822f,database management systems,knowledge,"The tools for creating, updating and managing databases, such as Oracle, MySQL and Microsoft SQL Server."
69,http://data.europa.eu/esco/skill/3cee858e-79e8-4a4b-b99f-93c7f735d58b,db2,knowledge,"The computer program IBM DB2 is a tool for creating, updating and managing databases, developed by the software company IBM."
70,http://data.europa.eu/esco/skill/ecc4552a-92c5-4222-b18d-faf5ac841080,deep learning,knowledge,"The principles, methods and algorithms of deep learning, a subfield of artificial intelligence and machine learning. Common neural networks like perceptrons, feed-forward, backpropagation, and convolutional and recurrent neural networks."
71,http://data.europa.eu/esco/skill/54c9c155-9293-4329-8ed2-2e76e8b519d4,define data quality criteria,skill/competence,"Specify the criteria by which data quality is measured for business purposes, such as inconsistencies, incompleteness, usability for purpose and accuracy."
72,http://data.europa.eu/esco/skill/022dc430-872a-473a-9cf4-fed4895e58ad,define database physical structure,skill/competence,"Specify the physical configuration of database files on a given media. This consists of in-detail specifications of indexing options, data types and data elements placed in the data dictionary."
73,http://data.europa.eu/esco/skill/d9e5349e-8791-49c2-8ba4-839fdd1606c2,define technical requirements,skill/competence,"Specify technical properties of goods, materials, methods, processes, services, systems, software and functionalities by identifying and responding to the particular needs that are to be satisfied according to customer requirements."
74,http://data.europa.eu/esco/skill/c3e36d05-8ae8-447f-bb2b-6f9409f85389,deliver visual presentation of data,skill/competence,Create visual representations of data such as charts or diagrams for easier understanding.
75,http://data.europa.eu/esco/skill/4134622c-c3fb-4a41-beb6-6d58ba5107db,demonstrate disciplinary expertise,skill/competence,"Demonstrate deep knowledge and complex understanding of a specific research area, including responsible research, research ethics and scientific integrity principles, privacy and GDPR requirements, related to research activities within a specific discipline."
76,http://data.europa.eu/esco/skill/b0096dc5-2e2d-4bc1-8172-05bf486c3968,design application interfaces,skill/competence,"Create and program application interfaces, their operations, inputs and outputs and underlying types."
77,http://data.europa.eu/esco/skill/ab67fbfb-0ca7-4345-8bf6-af8f59480212,design database backup specifications,skill/competence,Specify procedures to be performed on databases which ensure the copying and archiving of data for possible restoration in case of a data loss event.
78,http://data.europa.eu/esco/skill/7e796b51-49d7-4e73-95af-2e7323763f15,design database in the cloud,skill/competence,"Apply design principles for an adaptive, elastic, automated, loosely coupled databases making use of cloud infrastructure. Aim to remove any single point of failure through distributed database design."
79,http://data.europa.eu/esco/skill/6c08403c-a5bb-4868-b8c2-b7d039c0e511,design database scheme,skill/competence,"Draft a database scheme by following the Relational Database Management System (RDBMS) rules in order to create a logically arranged group of objects such as tables, columns and processes."
80,http://data.europa.eu/esco/skill/2c28fc20-8a60-4311-8899-5ef8729c05b3,design process,skill/competence,"Identify the workflow and resource requirements for a particular process, using a variety of tools such as process simulation software, flowcharting and scale models."
81,http://data.europa.eu/esco/skill/fd33c66c-70c4-40e6-b87c-5495bd3bf26e,design user interface,skill/competence,"Create software or device components which enable interaction between humans and systems or machines, using appropriate techniques, languages and tools so as to streamline interaction while using the system or machine."
82,http://data.europa.eu/esco/skill/0b0335f3-0aa1-491e-895e-81fc8774a300,develop automated migration methods,skill/competence,"Create automated transfer of ICT information between storage types, formats and systems to save human resources from performing the task manually."
83,http://data.europa.eu/esco/skill/8c4c49d4-9708-433f-8ca7-bf2c5211ee49,develop creative ideas,skill/competence,Developing new artistic concepts and creative ideas.
84,http://data.europa.eu/esco/skill/f9670490-8aa4-4540-b121-d440a8294aab,develop data processing applications,skill/competence,Create a customised software for processing data by selecting and using the appropriate computer programming language in order for an ICT system to produce demanded output based on expected input.
85,http://data.europa.eu/esco/skill/cc61f9e5-d4fc-470e-8606-1ce865ff8386,develop professional network with researchers and scientists,skill/competence,"Develop alliances, contacts or partnerships, and exchange information with others. Foster integrated and open collaborations where different stakeholders co-create shared value research and innovations. Develop your personal profile or brand and make yourself visible and available in face-to-face and online networking environments."
86,http://data.europa.eu/esco/skill/9d2f77af-4307-4ac5-bc50-a9980cec7e83,develop reporting software,skill/competence,Create reporting software and applications used for creating reports on data.
87,http://data.europa.eu/esco/skill/bb165899-d95f-4433-95f2-173fefd716d2,develop statistical software,skill/competence,"Participate in the various development stages of computer programs for econometric and statistical analysis, such as research, new product development, prototyping, and maintenance."
88,http://data.europa.eu/esco/skill/8f6ed69b-29d0-4c01-81ba-f05920a185f3,digital curation,knowledge,"The field that deals with maintaining, preserving and adding value to digital research."
89,http://data.europa.eu/esco/skill/629685b8-5f9e-4522-8cff-b3e2c4ec625a,digital data processing,unknown,"Identify, locate, retrieve, store, organise and analyse digital information, judging its relevance and purpose."
90,http://data.europa.eu/esco/skill/2b1e2927-3542-48da-9063-02925e7562c1,disseminate results to the scientific community,skill/competence,"Publicly disclose scientific results by any appropriate means, including conferences, workshops, colloquia and scientific publications."
91,http://data.europa.eu/esco/skill/897b393f-e7e0-4248-a40d-d77119694e83,distributed computing,knowledge,The software process in which computer components interact over a network and send messages to communicate on their actions.
92,http://data.europa.eu/esco/skill/327d15c8-29ff-4ad4-a4fe-6536d777a45f,documentation types,knowledge,The characteristics of internal and external documentation types aligned with the product life cycle and their specific content types.
93,http://data.europa.eu/esco/skill/071233c4-ad2b-4f50-b79f-768d2231163e,domain name service,knowledge,Naming database which maps internet domain names to Internet Protocol (IP) addresses. The Domain Name System allows internet users to utilise names such as website titles instead of remembering numeric IP addresses used by computers to locate a concrete website.
94,http://data.europa.eu/esco/skill/00b9a3aa-7070-4bb5-8020-f228a97cf42f,draft scientific or academic papers and technical documentation,skill/competence,"Draft and edit scientific, academic or technical texts on different subjects."
95,http://data.europa.eu/esco/skill/f6ac6241-adb2-4ce2-b35f-09832cbb11ea,empirical analysis,knowledge,The evidence-based method that is used to analyse and interpret information with the aim of drawing conclusions about a specific issue.
96,http://data.europa.eu/esco/skill/034c29fa-c3ba-45ea-b8f3-bf8e3705e386,erlang,knowledge,"The techniques and principles of software development, such as analysis, algorithms, coding, testing and compiling of programming paradigms in Erlang."
97,http://data.europa.eu/esco/skill/2daec0e6-f0c1-43e8-8178-aedba99130ec,establish data processes,skill/competence,"Use ICT tools to apply mathematical, algorithmic or other data manipulation processes in order to create information."
98,http://data.europa.eu/esco/skill/e207163b-7963-4c3e-9494-7a4bb000211b,estimate duration of work,skill/competence,Produce accurate calculations on time necessary to fulfil future technical tasks based on past and present information and observations or plan the estimated duration of individual tasks in a given project.
99,http://data.europa.eu/esco/skill/39f67488-cfd3-4370-8d7e-da98163102d9,evaluate research activities,skill/competence,"Review proposals, progress, impact and outcomes of peer researchers, including through open peer review."
100,http://data.europa.eu/esco/skill/31c69100-b612-4a61-8db5-fd314318854c,execute analytical mathematical calculations,skill/competence,Apply mathematical methods and make use of calculation technologies in order to perform analyses and devise solutions to specific problems.
101,http://data.europa.eu/esco/skill/7e1f9657-ab4e-407c-842f-b846197060e3,execute ict audits,skill/competence,"Organise and execute audits in order to evaluate ICT systems, compliance of components of systems, information processing systems and information security. Identify and collect potential critical issues and recommend solutions based on required standards and solutions."
102,http://data.europa.eu/esco/skill/ea412de3-9d7a-4943-8d8c-c6d3c7495d0e,execute integration testing,skill/competence,"Perform testing of system or software components grouped in multiple ways to evaluate their ability to interconnect, their interface and their ability to provide global functionality."
103,http://data.europa.eu/esco/skill/913e7e83-b8f8-4574-b1ca-1b38f3fd974a,execute software tests,skill/competence,"Perform tests to ensure that a software product will perform flawlessly under the specified customer requirements and identify software defects (bugs) and malfunctions, using specialised software tools and testing techniques."
104,http://data.europa.eu/esco/skill/b8eb2517-37d8-43e6-9856-9c29d5c51fde,filemaker (database management systems),knowledge,"The computer program FileMaker is a tool for creating, updating and managing databases, developed by the software company FileMaker Inc."
105,http://data.europa.eu/esco/skill/8b0f73ff-d36b-4196-bb83-464c3a6ef07d,game theory,knowledge,"The study of mathematical models of strategic decisions among stakeholders. It has applications in all fields of social science, as well as in systems science, computer science and logic. Essential concepts are the Nash Equilibrium and the Prisoner's Dilemma."
106,http://data.europa.eu/esco/skill/0c766ca3-9364-4203-916b-fed16e4814c1,gather data for forensic purposes,skill/competence,"Collect protected, fragmented or corrupted data and other online communication. Document and present findings from this process."
107,http://data.europa.eu/esco/skill/52cf3037-ab53-4806-85ed-7fd21ea7f6a1,groovy,knowledge,"The techniques and principles of software development, such as analysis, algorithms, coding, testing and compiling of programming paradigms in Groovy."
108,http://data.europa.eu/esco/skill/e46291c7-52b9-4174-bd59-178884861038,hadoop,knowledge,"The open-source data storing, analysis and processing framework which consists mainly in the MapReduce and Hadoop distributed file system (HDFS) components and it is used to provide support for managing and analysing large datasets."
109,http://data.europa.eu/esco/skill/4a193795-fa63-414e-9f2e-bfdb3924571e,handle data samples,skill/competence,Collect and select a set of data from a population by a statistical or other defined procedure.
110,http://data.europa.eu/esco/skill/e043aeeb-78f5-4049-afbf-12bba52225bc,hardware architectures,knowledge,The designs laying out the physical hardware components and their interconnections.
111,http://data.europa.eu/esco/skill/000f1d3d-220f-4789-9c0a-cc742521fb02,haskell,knowledge,"The techniques and principles of software development, such as analysis, algorithms, coding, testing and compiling of programming paradigms in Haskell."
112,http://data.europa.eu/esco/skill/a1eef0f4-133f-464a-a8f1-68fe3e8cc1b4,healthcare analytics,knowledge,"The use of qualitative and quantitative methods to analyse patterns in healthcare data to the aim of improving healthcare administration, quality in patient care and diseases diagnosis."
113,http://data.europa.eu/esco/skill/84251cb1-babf-4d17-a3cd-baa642c24c8d,ibm informix,knowledge,"The computer program IBM Informix is a tool for creating, updating and managing databases, developed by the software company IBM."
114,http://data.europa.eu/esco/skill/14fdac88-6d4a-4e47-9df5-02c6d1e86fdd,ibm infosphere datastage,knowledge,"The computer program IBM InfoSphere DataStage is a tool for integration of information from multiple applications, created and maintained by organisations, into one consistent and transparent data structure, developed by the software company IBM."
115,http://data.europa.eu/esco/skill/81b082fb-9a00-4660-976a-10c985979100,ibm infosphere information server,knowledge,"The software program IBM InfoSphere Information Server is a platform for integration of information from multiple applications, created and maintained by organisations, into one consistent and transparent data structure, developed by the software company IBM."
116,http://data.europa.eu/esco/skill/d0c6d77e-cb25-4770-bf77-2073fc5f7523,ict infrastructure,knowledge,"The system, network, hardware and software applications and components, as well as devices and processes that are used in order to develop, test, deliver, monitor, control or support ICT services."
117,http://data.europa.eu/esco/skill/f88002a8-6355-4d33-9496-285c166ff375,ict power consumption,knowledge,The energy consumption and types of models of software as well as hardware elements.
118,http://data.europa.eu/esco/skill/bec4359e-cb92-468f-a997-8fb28e32fba9,ict project management methodologies,knowledge,"The methodologies or models for planning, managing and overseeing of ICT resources in order to meet specific goals, such methodologies are Waterfall, Incremental, V-Model, Scrum or Agile and using project management ICT tools."
119,http://data.europa.eu/esco/skill/7814e88f-c133-4c3b-b27f-857afa145d42,ict security legislation,knowledge,"The set of legislative rules that safeguards information technology, ICT networks and computer systems and legal consequences which result from their misuse. Regulated measures include firewalls, intrusion detection, anti-virus software and encryption."
120,http://data.europa.eu/esco/skill/0e0c9c11-b39e-43cf-ba95-2fe646f5de64,identify customer requirements,skill/competence,"Apply techniques and tools, such as surveys, questionnaires, ICT applications, for eliciting, defining, analysing, documenting and maintaining user requirements from system, service or product."
121,http://data.europa.eu/esco/skill/fe1c2b32-7fe9-4668-affa-07ff658a68cf,identify ict security risks,skill/competence,"Apply methods and techniques to identify potential security threats, security breaches and risk factors using ICT tools for surveying ICT systems, analysing risks, vulnerabilities and threats and evaluating contingency plans."
122,http://data.europa.eu/esco/skill/553ad092-b799-44c9-a94c-65a84fdc7526,identify processes for re-engineering,skill/competence,"Identify potential to restructure a company or part of its operations, e.g. by exploiting information technology."
123,http://data.europa.eu/esco/skill/772a9c72-abef-4333-9788-f4cb48ad8e08,identify software for warehouse management,skill/competence,"Identify relevant software and applications used for warehouse management systems, their characteristics and value added to warehouse management operations."
124,http://data.europa.eu/esco/skill/45f1ae17-c20d-40fc-9307-7d33b6ca9213,image recognition,knowledge,"A process designed to detect and identify a feature or object in an image or video. This process is used in medical imaging, security surveillance or defect detection, among other fields. Key technique for a wide range of applications such as automated driving, image classification, or visual inspection."
125,http://data.europa.eu/esco/skill/e5b5053e-0ef6-4c4e-a3f2-42f955f4322c,implement a firewall,skill/competence,"Download, install and update a network security system designed to prevent unauthorized access to a private network."
126,http://data.europa.eu/esco/skill/bb2b4485-2bad-402f-8517-44bf7d9afff4,implement anti-virus software,skill/competence,"Download, install and update software to prevent, detect and remove malicious software, such as computer viruses."
127,http://data.europa.eu/esco/skill/713fb616-118e-40bc-9366-4a69879a49d5,implement data quality processes,skill/competence,"Apply quality analysis, validation and verification techniques on data to check data quality integrity."
128,http://data.europa.eu/esco/skill/fd6d2981-3d4a-4ce2-9741-cfc98c5b74bd,implement data warehousing techniques,skill/competence,"Apply models and tools such as online analytical processing (OLAP) and Online transaction processing (OLTP), to integrate structured or unstructured data from sources, in order to create a central depository of historical and current data."
129,http://data.europa.eu/esco/skill/14d1e367-3efe-4ec5-86ae-eca48710ee4e,implement ict security policies,skill/competence,"Implement statements, assertions or rules that specify the appropriate use and protection of the ICT assets and systems from an organisation. These ICT security policies cover topics such as data classification, password management, access control and incident response."
130,http://data.europa.eu/esco/skill/4d39b27a-b34f-4c89-8d46-df844d42f728,increase the impact of science on policy and society,skill/competence,Influence evidence-informed policy and decision making by providing scientific input to and maintaining professional relationships with policymakers and other stakeholders.
131,http://data.europa.eu/esco/skill/0f00f63f-3ab4-4057-b92f-500584b51757,informatica powercenter,knowledge,"The computer program Informatica PowerCenter is a tool for integration of information from multiple applications, created and maintained by organisations, into one consistent and transparent data structure, developed by the software company Informatica."
132,http://data.europa.eu/esco/skill/1bba98a7-92b9-450b-9235-e0c905f8f3c4,information architecture,knowledge,"The methods through which information is generated, structured, stored, maintained, linked, exchanged and used."
133,http://data.europa.eu/esco/skill/93aaf65c-5aad-4e6f-a7ba-ce9bf7c0e6e6,information categorisation,knowledge,The process of classifying the information into categories and showing relationships between the data for some clearly defined purposes.
134,http://data.europa.eu/esco/skill/a56dec32-05ef-45de-a256-ee6741f356db,information confidentiality,knowledge,"The mechanisms and regulations which allow for selective access control and guarantee that only authorised parties (people, processes, systems and devices) have access to data, the way to comply with confidential information and the risks of non-compliance."
135,http://data.europa.eu/esco/skill/696e3b5b-8b61-45af-ae4c-3ab700f197ec,information extraction,knowledge,The techniques and methods used for eliciting and extracting information from unstructured or semi-structured digital documents and sources.
136,http://data.europa.eu/esco/skill/03ff0d53-573a-47a0-a0ad-1995815a4339,information structure,knowledge,"The type of infrastructure which defines the format of data: semi-structured, unstructured and structured."
137,http://data.europa.eu/esco/skill/cd50d616-1f8b-481e-983f-68d2674ff82d,integrate gender dimension in research,skill/competence,Take into account in the whole research process the biological characteristics and the evolving social and cultural features of women and men (gender).
138,http://data.europa.eu/esco/skill/46ec0033-3c71-415e-bcff-b065675ba2dc,integrate ict data,skill/competence,Combine data from sources to provide unified view of the set of these data.
139,http://data.europa.eu/esco/skill/ed8de897-adbe-4f0e-b4d2-534953e64c72,integrate system components,skill/competence,Select and use integration techniques and tools to plan and implement integration of hardware and software modules and components in a system.
140,http://data.europa.eu/esco/skill/20a8fe89-d4eb-4698-8521-8881c13377e0,interact professionally in research and professional environments,skill/competence,"Show consideration to others as well as collegiality. Listen, give and receive feedback and respond perceptively to others, also involving staff supervision and leadership in a professional setting."
141,http://data.europa.eu/esco/skill/1e77e42a-181f-4b48-8e74-201ce50ffc29,interpret current data,skill/competence,"Analyse data gathered from sources such as market data, scientific papers, customer requirements and questionnaires which are current and up-to-date in order to assess development and innovation in areas of expertise."
142,http://data.europa.eu/esco/skill/85c11255-469f-41bd-a6d1-382bc4a87783,interpret technical texts,skill/competence,"Read and understand technical texts that provide information on how to perform a task, usually explained in steps."
143,http://data.europa.eu/esco/skill/19a8293b-8e95-4de3-983f-77484079c389,java (computer programming),knowledge,"The techniques and principles of software development, such as analysis, algorithms, coding, testing and compiling of programming paradigms in Java."
144,http://data.europa.eu/esco/skill/3cd569a2-4f88-4c1e-9995-8dce8c5e51a7,javascript,knowledge,"The techniques and principles of software development, such as analysis, algorithms, coding, testing and compiling of programming paradigms in JavaScript."
145,http://data.europa.eu/esco/skill/9b9de2a4-d8af-4a7b-933a-a8334ae60067,javascript framework,knowledge,"The JavaScript software development environments which provide specific features and components ( such as HTML generation tools, Canvas support or Visual design) that support and guide JavaScript web applications development."
146,http://data.europa.eu/esco/skill/a57a54b6-2f2e-43e4-9621-b52f4a63cb08,ldap,knowledge,The computer language LDAP is a query language for retrieval of information from a database and of documents containing the needed information.
147,http://data.europa.eu/esco/skill/da6393d5-a53c-4863-abc7-51f36281d74e,lean project management,knowledge,"The lean project management approach is a methodology for planning, managing and overseeing of ICT resources in order to meet specific goals and using project management ICT tools."
148,http://data.europa.eu/esco/skill/c7d24594-0c11-4b27-9039-fe0bb903da8e,linq,knowledge,The computer language LINQ is a query language for retrieval of information from a database and of documents containing the needed information. It is developed by the software company Microsoft.
149,http://data.europa.eu/esco/skill/0de61385-de6d-4146-ba32-1cc1bc102220,lisp,knowledge,"The techniques and principles of software development, such as analysis, algorithms, coding, testing and compiling of programming paradigms in Lisp."
150,http://data.europa.eu/esco/skill/d6cdef49-b669-4507-91d1-3f959cf98e47,maintain database performance,skill/competence,Calculate values for database parameters. Implement new releases and execute regular maintenance tasks such as establishing backup strategies and eliminating index fragmentation.
151,http://data.europa.eu/esco/skill/ec85cc63-4e24-4631-bf92-8789db2605c0,maintain database security,skill/competence,Master a wide variety of information security controls in order to pursue maximal database protection.
152,http://data.europa.eu/esco/skill/be20d05c-f6b4-4580-9fcf-f00f4baab562,make data-driven decisions,skill/competence,Collect data such as Key Performance Indicators (KPIs) for an organisation and use the information to formulate actions and strategies.
153,http://data.europa.eu/esco/skill/41bf7ede-fc84-4a57-8c89-b548d11b0ba1,manage business knowledge,skill/competence,"Set up structures and distribution policies to enable or improve information exploitation using appropriate tools to extract, create and expand business mastery."
154,http://data.europa.eu/esco/skill/d3286405-49f8-4e8a-8046-a4376b4e7963,manage cloud data and storage,skill/competence,"Create and manage cloud data retention. Identify and implement data protection, encryption, and capacity planning needs."
155,http://data.europa.eu/esco/skill/9ff9db9d-d14b-426e-83f3-e7449af6c79f,manage data,skill/competence,"Administer all types of data resources through their lifecycle by performing data profiling, parsing, standardisation, identity resolution, cleansing, enhancement and auditing. Ensure the data is fit for purpose, using specialised ICT tools to fulfil the data quality criteria."
156,http://data.europa.eu/esco/skill/a80fb090-63f4-4b05-83a5-2f090deb7757,manage data collection systems,skill/competence,"Develop and manage methods and strategies used to maximise data quality and statistical efficiency in the collection of data, in order to ensure the gathered data are optimised for further processing."
157,http://data.europa.eu/esco/skill/29fb0fb5-dfc4-4098-ac9b-3a712000f48f,manage database,skill/competence,"Apply database design schemes and models, define data dependencies, use query languages and database management systems (DBMS) to develop and manage databases."
158,http://data.europa.eu/esco/skill/b769f524-0f25-44d7-8538-5c46710a040e,manage digital documents,skill/competence,"Manage various data formats and files by naming, publishing, transforming and sharing files and documents and transforming file formats."
159,http://data.europa.eu/esco/skill/4f5c1208-62fd-4e5a-a51e-306c06947e11,manage findable accessible interoperable and reusable data,skill/competence,"Produce, describe, store, preserve and (re) use scientific data based on FAIR (Findable, Accessible, Interoperable, and Reusable) principles, making data as open as possible, and as closed as necessary."
160,http://data.europa.eu/esco/skill/4d85b881-e490-4b4c-897a-2faa4ef53956,manage ict data architecture,skill/competence,"Oversee regulations and use ICT techniques to define the information systems architecture and to control data gathering, storing, consolidation, arrangement and usage in an organisation."
161,http://data.europa.eu/esco/skill/03a74eee-2dc6-4147-8667-5cdeb65f122d,manage ict data classification,skill/competence,Oversee the classification system an organisation uses to organise its data. Assign an owner to each data concept or bulk of concepts and determine the value of each item of data.
162,http://data.europa.eu/esco/skill/fda917eb-0d6a-4371-8c93-2a10bf950966,manage ict semantic integration,skill/competence,"Oversee integration of public or internal databases and other data, by using semantic technologies to produce structured semantic output."
163,http://data.europa.eu/esco/skill/518dc04d-092d-4fa1-bd82-88b7a9278ef7,manage intellectual property rights,skill/competence,Deal with the private legal rights that protect the products of the intellect from unlawful infringement.
164,http://data.europa.eu/esco/skill/da930e2f-6047-4616-a598-bba8ecef3039,manage open publications,skill/competence,"Be familiar with Open Publication strategies, with the use of information technology to support research, and with the development and management of CRIS (current research information systems) and institutional repositories. Provide licensing and copyright advice, use bibliometric indicators, and measure and report research impact."
165,http://data.europa.eu/esco/skill/a8d24a95-47b3-4f88-92e7-06600bcd3612,manage personal professional development,skill/competence,Take responsibility for lifelong learning and continuous professional development. Engage in learning to support and update professional competence. Identify priority areas for professional development based on reflection about own practice and through contact with peers and stakeholders. Pursue a cycle of self-improvement and develop credible career plans.
166,http://data.europa.eu/esco/skill/57231a22-4da7-49c8-97b8-75672feadf1e,manage quantitative data,skill/competence,"Gather, process and present quantitative data. Use the appropriate programs and methods for validating, organising and interpreting data."
167,http://data.europa.eu/esco/skill/08b04e53-ed25-41a2-9f90-0b9cd939ba3d,manage research data,skill/competence,Produce and analyse scientific data originating from qualitative and quantitative research methods. Store and maintain the data in research databases. Support the re-use of scientific data and be familiar with open data management principles.
168,http://data.europa.eu/esco/skill/0e1fe34b-f4e7-4642-8c8b-5a05ac3438e5,manage schedule of tasks,skill/competence,"Maintain an overview of all the incoming tasks in order to prioritise the tasks, plan their execution, and integrate new tasks as they present themselves."
169,http://data.europa.eu/esco/skill/cb5cccc9-abe4-4b11-abe6-d27e5cd85fb1,manage standards for data exchange,skill/competence,Set and maintain standards for transforming data from source schemas into the necessary data structure of a result schema.
170,http://data.europa.eu/esco/skill/11c56452-fcec-4b00-9695-cca4728e5048,marketing analytics,knowledge,The set of processes for employing data to improve the effectiveness of marketing activities. It involves analysing metrics such as the Return on Investment (ROI) for identify opportunities of improvement.
171,http://data.europa.eu/esco/skill/e819cc1e-09d9-47f2-b418-93972852daef,marklogic,knowledge,"The NoSQL enterprise non-relational database used for creating, updating and managing large amounts of unstructured data stored in the cloud and which provides features such as semantics, flexible data models and Hadoop integration."
172,http://data.europa.eu/esco/skill/0760bfac-9a03-427a-ad84-ccd33a2f2ae8,mathematical modelling,knowledge,"The process of establishing a mathematical representation problem, such as equations, of a real-word to provide insights, discover new features about the problematic scenario, better understand the original problem or to make predictions about it."
173,http://data.europa.eu/esco/skill/c3a03c5a-c260-4c26-9b9a-873abb396f4d,matlab,knowledge,"The techniques and principles of software development, such as analysis, algorithms, coding, testing and compiling of programming paradigms in MATLAB."
174,http://data.europa.eu/esco/skill/1b7c716e-af95-4cda-a42f-6479c8b139f5,mdx,knowledge,The computer language MDX is a query language for retrieval of information from a database and of documents containing the needed information. It is developed by the software company Microsoft.
175,http://data.europa.eu/esco/skill/a584a638-a2c0-4b3c-bdf3-a64f87225be9,mentor individuals,skill/competence,"Mentor individuals by providing emotional support, sharing experiences and giving advice to the individual to help them in their personal development, as well as adapting the support to the specific needs of the individual and heeding their requests and expectations."
176,http://data.europa.eu/esco/skill/3d03c40c-1b83-4793-8902-2523f40af59e,microsoft access,knowledge,"The computer program Access is a tool for creating, updating and managing databases, developed by the software company Microsoft."
177,http://data.europa.eu/esco/skill/8369ede5-4200-4a44-be2e-bc60ef959259,microsoft visual c++,knowledge,"The computer program Visual C++ is a suite of software development tools for writing programs, such as compiler, debugger, code editor, code highlights, packaged in a unified user interface. It is developed by the software company Microsoft."
178,http://data.europa.eu/esco/skill/020918ef-4b55-47c1-8430-ab7b8f6a7377,migrate existing data,skill/competence,"Apply migration and conversion methods for existing data, in order to transfer or convert data between formats, storage or computer systems."
179,http://data.europa.eu/esco/skill/a4d336a6-9ffd-402a-91cc-f359716ba4e0,ml (computer programming),knowledge,"The techniques and principles of software development, such as analysis, algorithms, coding, testing and compiling of programming paradigms in ML."
180,http://data.europa.eu/esco/skill/9fc400ac-8ed2-4aff-915f-aa4f2609ec7b,multidisciplinary research,knowledge,The research technique where a common issue is investigated using approaches from different disciplines with the aim of finding a comprehensive solution to it.
181,http://data.europa.eu/esco/skill/4da171e5-779c-4983-a76f-91c16751e99f,mysql,knowledge,"The computer program MySQL is a tool for creating, updating and managing databases, currently developed by the software company Oracle."
182,http://data.europa.eu/esco/skill/f597f772-24d3-4cec-813c-cf5a7027c794,n1ql,knowledge,The computer language N1QL is a query language for retrieval of information from a database and of documents containing the needed information. It is developed by the software company Couchbase.
183,http://data.europa.eu/esco/skill/07889c08-7220-47c8-96f7-6068fbea00dc,normalise data,skill/competence,"Reduce data to their accurate core form (normal forms) in order to achieve such results as minimisation of dependency, elimination of redundancy, increase of consistency."
184,http://data.europa.eu/esco/skill/9973a5a2-7822-4161-99e9-95c781eb63f8,objective-c,knowledge,"The techniques and principles of software development, such as analysis, algorithms, coding, testing and compiling of programming paradigms in Objective-C."
185,http://data.europa.eu/esco/skill/4959697d-3a24-4f46-af0c-b752318e6c54,objectstore,knowledge,"The computer program ObjectStore is a tool for creating, updating and managing databases, developed by the software company Object Design, Incorporated."
186,http://data.europa.eu/esco/skill/b0a3bb25-a02f-43ed-ab1f-994fa66a424a,online analytical processing,knowledge,"The online tools which analyse, aggregate and present multi-dimensional data enabling users to interactively and selectively extract and view data from specific points of view."
187,http://data.europa.eu/esco/skill/300d432b-f457-4cd3-9cb1-1858c7d14954,openedge advanced business language,knowledge,"The techniques and principles of software development, such as analysis, algorithms, coding, testing and compiling of programming paradigms in OpenEdge Advanced Business Language."
188,http://data.europa.eu/esco/skill/43ec6db6-33f7-449b-a566-5779a7e8997a,openedge database,knowledge,"The computer program OpenEdge Database is a tool for creating, updating and managing databases, developed by the software company Progress Software Corporation."
189,http://data.europa.eu/esco/skill/2b34764d-637c-48f5-aa70-31e15c965db6,operate open source software,skill/competence,"Operate Open Source software, knowing the main Open Source models, licensing schemes, and the coding practices commonly adopted in the production of Open Source software."
190,http://data.europa.eu/esco/skill/7369f779-4b71-4aab-8836-48b69c676eec,operate relational database management system,skill/competence,"Extract, store and verify information using database management systems based on the relational database model, which arranges data into tables of rows and columns, such as Oracle Database, Microsoft SQL Server and MySQL."
191,http://data.europa.eu/esco/skill/726abd5a-d23c-44b9-abb0-f22bbe95f1d3,operational research,knowledge,"The application of scientific methods to provide solutions to administrative and management issues of organised systems as industrial, commercial, or governmental processes."
192,http://data.europa.eu/esco/skill/8764d4b1-e069-44f2-8baa-fb1eee1850ec,oracle application development framework,knowledge,"The Java framework software development environment which provide specific features and components (such as enhanced reusability features, visual and declarative programming) that support and guide enterprise applications development."
193,http://data.europa.eu/esco/skill/3af687cb-8c7a-46ea-a730-32dbaed040c6,oracle data integrator,knowledge,"The computer program Oracle Data Integrator is a tool for integration of information from multiple applications, created and maintained by organisations, into one consistent and transparent data structure, developed by the software company Oracle."
194,http://data.europa.eu/esco/skill/de9f85ba-e77f-48fd-8c66-f5ebaf32d655,oracle relational database,knowledge,"The computer program Oracle Rdb is a tool for creating, updating and managing databases, developed by the software company Oracle."
195,http://data.europa.eu/esco/skill/23900e3d-06fa-424c-a5dc-c0ea42edde1e,oracle warehouse builder,knowledge,"The computer program Oracle Warehouse Builder is a tool for integration of information from multiple applications, created and maintained by organisations, into one consistent and transparent data structure, developed by the software company Oracle."
196,http://data.europa.eu/esco/skill/70de94f5-9575-4edd-bca7-c797b023b9d6,oracle weblogic,knowledge,The application server Oracle WebLogic is Java EE based application server which serves as a middle tier that links the back-end databases to the related applications.
197,http://data.europa.eu/esco/skill/e8b89eb6-51e8-4c3a-babb-88b2e110376b,pascal (computer programming),knowledge,"The techniques and principles of software development, such as analysis, algorithms, coding, testing and compiling of programming paradigms in Pascal."
198,http://data.europa.eu/esco/skill/42c3287f-5e50-4559-a2d1-2000c70e0aab,pentaho data integration,knowledge,"The computer program Pentaho Data Integration is a tool for integration of information from multiple applications, created and maintained by organisations, into one consistent and transparent data structure, developed by the software company Pentaho."
199,http://data.europa.eu/esco/skill/cf3e976d-2c3e-495c-a874-f9e8a66d3b48,perform backups,skill/competence,Implement backup procedures to backup data and systems to ensure permanent and reliable system operation. Execute data backups in order to secure information by copying and archiving to ensure integrity during system integration and after data loss occurrence.
200,http://data.europa.eu/esco/skill/2b92a5b2-6758-4ee3-9fb4-b6387a55cc8f,perform data analysis,skill/competence,"Collect data and statistics to test and evaluate in order to generate assertions and pattern predictions, with the aim of discovering useful information in a decision-making process."
201,http://data.europa.eu/esco/skill/50b100ea-74fd-4706-99db-3e4ca55e51b8,perform data cleansing,skill/competence,"Detect and correct corrupt records from data sets, ensure that the data become and remain structured according to guidelines."
202,http://data.europa.eu/esco/skill/4216e465-7baa-4884-a241-54b197bb9278,perform data mining,skill/competence,"Explore large datasets to reveal patterns using statistics, database systems or artificial intelligence and present the information in a comprehensible way."
203,http://data.europa.eu/esco/skill/3e2ab38a-4519-4bef-b762-a8bf4836a775,perform dimensionality reduction,skill/competence,"Reduce the number of variables or features for a dataset in machine learning algorithms through methods such as principal component analysis, matrix factorization, autoencoder methods, and others."
204,http://data.europa.eu/esco/skill/744442ac-c157-4350-8be0-ce454df4f5c5,perform ict troubleshooting,skill/competence,"Identify problems with servers, desktops, printers, networks, and remote access, and perform actions which solve the problems."
205,http://data.europa.eu/esco/skill/cd5efa8c-e44d-4cbc-91c6-796018dbed68,perform project management,skill/competence,"Manage and plan various resources, such as human resources, budget, deadline, results, and quality necessary for a specific project, and monitor the project's progress in order to achieve a specific goal within a set time and budget."
206,http://data.europa.eu/esco/skill/f5dd06b8-5d17-4932-9d03-957d0c4f5051,perform resource planning,skill/competence,"Estimate the expected input in terms of time, human and financial resources necessary to achieve the project objectives."
207,http://data.europa.eu/esco/skill/4fabca9a-7435-4f33-b1da-3cdb00340fdc,perform scientific research,skill/competence,"Gain, correct or improve knowledge about phenomena by using scientific methods and techniques, based on empirical or measurable observations."
208,http://data.europa.eu/esco/skill/401eb8d8-6daa-4f8b-90ad-60afc71eb4f8,perl,knowledge,"The techniques and principles of software development, such as analysis, algorithms, coding, testing and compiling of programming paradigms in Perl."
209,http://data.europa.eu/esco/skill/4350c38d-0fe9-4ca7-bab9-40ed7f72b04f,php,knowledge,"The techniques and principles of software development, such as analysis, algorithms, coding, testing and compiling of programming paradigms in PHP."
210,http://data.europa.eu/esco/skill/a8d07b5a-c1a1-42c6-9d53-db9c7a2ca996,postgresql,knowledge,"The computer program PostgreSQL is a free and open-source software tool for creating, updating and managing databases, developed by the PostgreSQL Global Development Group."
211,http://data.europa.eu/esco/skill/e465a154-93f7-4973-9ce1-31659fe16dd2,principles of artificial intelligence,knowledge,"The artificial intelligence theories, applied principles, architectures and systems, such as intelligent agents, multi-agent systems, expert systems, rule-based systems, neural networks, ontologies and cognition theories."
212,http://data.europa.eu/esco/skill/f2d57f41-43b4-4f5b-8100-3df5c21eda50,process data,skill/competence,"Enter information into a data storage and data retrieval system via processes such as scanning, manual keying or electronic data transfer in order to process large amounts of data."
213,http://data.europa.eu/esco/skill/d5a59ca8-2e91-472e-8571-d12ce4478679,process-based management,knowledge,"The process-based management approach is a methodology for planning, managing and overseeing of ICT resources in order to meet specific goals and using project management ICT tools."
214,http://data.europa.eu/esco/skill/e2d0daae-2aa1-40cc-99e2-b340b02f97d3,product data management,knowledge,"The use of software to track all information concerning a product such as technical specifications, drawings, design specifications, and production costs."
215,http://data.europa.eu/esco/skill/2bde42ae-e776-41c1-9ded-b07b30bfe985,prolog (computer programming),knowledge,"The techniques and principles of software development, such as analysis, algorithms, coding, testing and compiling of programming paradigms in Prolog."
216,http://data.europa.eu/esco/skill/872a1632-f1db-4feb-bb27-0a6a359b7591,promote open innovation in research,skill/competence,"Apply techniques, models, methods and strategies which contribute to the promotion of steps towards innovation through collaboration with people and organizations outside the organisation."
217,http://data.europa.eu/esco/skill/fa642fc3-5cc5-41cf-8926-6617a8b976a7,promote the participation of citizens in scientific and research activities,skill/competence,"Engage citizens in scientific and research activities and promote their contribution in terms of knowledge, time or resources invested."
218,http://data.europa.eu/esco/skill/988f4ac3-a37c-4b0a-a40f-4e0e56b5919e,promote the transfer of knowledge,skill/competence,"Deploy broad awareness of processes of knowledge valorisation aimed to maximise the two–way flow of technology, intellectual property, expertise and capability between the research base and industry or the public sector."
219,http://data.europa.eu/esco/skill/33a82b83-c838-4889-ae62-fae1317481eb,protect personal data and privacy,skill/competence,Protect personal data and privacy in digital environments. Understand how to use and share personally identifiable information while being able to protect oneself and others from damages. Understand that digital services use a “Privacy policy” to inform how personal data is used.
220,http://data.europa.eu/esco/skill/c2296e2e-5fef-4f24-a24f-e5b3792268be,provide ict support,skill/competence,"Resolve ICT-related incidents and service requests from customers, clients or colleagues including password resets and updating databases such as Microsoft Exchange email."
221,http://data.europa.eu/esco/skill/d54a1355-05c8-45eb-9c42-267d2cfcdf44,provide technical training,skill/competence,Explain and demonstrate the use of training equipment and system functions.
222,http://data.europa.eu/esco/skill/979cf728-896f-4f2c-8fa8-2698ca0d4930,publish academic research,skill/competence,"Conduct academic research, in universities and research institutions, or on a personal account, publish it in books or academic journals with the aim of contributing to a field of expertise and achieving personal academic accreditation."
223,http://data.europa.eu/esco/skill/ccd0a1d9-afda-43d9-b901-96344886e14d,python (computer programming),knowledge,"The techniques and principles of software development, such as analysis, algorithms, coding, testing and compiling of programming paradigms in Python."
224,http://data.europa.eu/esco/skill/97bdd757-29d4-4126-92a6-07608825aa3b,qlikview expressor,knowledge,"The computer program QlikView Expressor is a tool for integration of information from multiple applications, created and maintained by organisations, into one consistent and transparent data structure, developed by the software company Qlik."
225,http://data.europa.eu/esco/skill/c7cc6dc5-d56b-4323-8e5c-47c4022f615f,quality assurance methodologies,knowledge,"Quality assurance principles, standard requirements, and the set of processes and activities used for measuring, controlling and ensuring the quality of products and processes."
226,http://data.europa.eu/esco/skill/6360a934-cc87-4954-9656-b32db20592e3,quantitative analysis,knowledge,The technique of employing statistical and mathematical modelling and measurement to represent a specific reality through numbers.
227,http://data.europa.eu/esco/skill/9cf681c7-89ec-470c-b651-7fe03786f586,query languages,knowledge,The field of standardised computer languages for retrieval of information from a database and of documents containing the needed information.
228,http://data.europa.eu/esco/skill/51586df8-1c46-4b47-8583-773cb63bf00b,r,knowledge,"The techniques and principles of software development, such as analysis, algorithms, coding, testing and compiling of programming paradigms in R."
229,http://data.europa.eu/esco/skill/8359bd04-d2cb-4757-af1f-39a921df9efe,remove computer virus or malware from a computer,skill/competence,Carry out actions to remove computer viruses or other types of malware from a computer.
230,http://data.europa.eu/esco/skill/c544a9f3-5945-4b54-afed-de0697852817,report analysis results,skill/competence,"Produce research documents or give presentations to report the results of a conducted research and analysis project, indicating the analysis procedures and methods which led to the results, as well as potential interpretations of the results."
231,http://data.europa.eu/esco/skill/7159e587-c7cb-4ec0-a662-03e1dee2cccb,research design,knowledge,"The set of methods and techniques of research that are used to conduct a study. It includes practical steps in research such as purpose statement, data collection, methodology, and data analysis."
232,http://data.europa.eu/esco/skill/99207709-d076-4cce-ba38-e90d3bb28806,resource description framework query language,knowledge,The query languages such as SPARQL which are used to retrieve and manipulate data stored in Resource Description Framework format (RDF).
233,http://data.europa.eu/esco/skill/cace7a77-38b7-4cdf-8171-e17692bef5f6,respond to customers' inquiries,skill/competence,"Answer customers' questions about itineraries, rates and reservations in person, by mail, by e-mail and on the phone."
234,http://data.europa.eu/esco/skill/0ccdfe98-f845-4598-84a1-3dca66e9d9a3,ruby (computer programming),knowledge,"The techniques and principles of software development, such as analysis, algorithms, coding, testing and compiling of programming paradigms in Ruby."
235,http://data.europa.eu/esco/skill/f8e3425c-fe44-4ffb-bafe-0e20d91dadf4,sap data services,knowledge,"The computer program SAP Data Services is a tool for integration of information from multiple applications, created and maintained by organisations, into one consistent and transparent data structure, developed by the software company SAP."
236,http://data.europa.eu/esco/skill/bb99af26-71ff-4dca-bde7-1eb1f6194426,sap r3,knowledge,"The techniques and principles of software development, such as analysis, algorithms, coding, testing and compiling of programming paradigms in SAP R3."
237,http://data.europa.eu/esco/skill/e5a6e1e0-1b07-4432-83ba-77d593b2cb47,sas data management,knowledge,"The computer program SAS Data Management is a tool for integration of information from multiple applications, created and maintained by organisations, into one consistent and transparent data structure, developed by the software company SAS."
238,http://data.europa.eu/esco/skill/04f1b938-d4d4-4cb1-a863-982af76b9d93,sas language,knowledge,"The techniques and principles of software development, such as analysis, algorithms, coding, testing and compiling of programming paradigms in SAS language."
239,http://data.europa.eu/esco/skill/ffddfc7c-a9dd-449f-9e96-882dc447c8b6,scala,knowledge,"The techniques and principles of software development, such as analysis, algorithms, coding, testing and compiling of programming paradigms in Scala."
240,http://data.europa.eu/esco/skill/5b26f08b-88bc-45f0-b901-530d7786466b,scientific computing,knowledge,"The interdisciplinary field between computer science, mathematics and engineering. It concerns the employment of technical approaches and theoretical frameworks, and the use of computers, to address issues in science and engineering."
241,http://data.europa.eu/esco/skill/74e49482-75e8-4637-bdb1-fff868d02f7a,scientific literature,knowledge,"The medium of informing the scientific community, including academic researchers, about the results of scientific research. It constitutes a permanent and cumulative collection of all the findings of scientific research in various fields and at any point in time."
242,http://data.europa.eu/esco/skill/d56fc2b5-4b0a-4e7e-9bde-a33736f6ff18,scratch (computer programming),knowledge,"The techniques and principles of software development, such as analysis, algorithms, coding, testing and compiling of programming paradigms in Scratch."
243,http://data.europa.eu/esco/skill/42ed3bfb-1a01-4c8b-9758-fc6438865734,smalltalk (computer programming),knowledge,"The techniques and principles of software development, such as analysis, algorithms, coding, testing and compiling of programming paradigms in Smalltalk."
244,http://data.europa.eu/esco/skill/33e584f9-ff7a-4979-bfc0-5a3a374a145a,social network analysis,knowledge,The research method that is mainly explored in sociology and communication science and focuses on the analysis of the relations between individuals and among organisations and states.
245,http://data.europa.eu/esco/skill/5da8018b-ae85-4cde-ad93-0394369018f3,sparql,knowledge,The computer language SPARQL is a query language for retrieval of information from a database and of documents containing the needed information. It is developed by the international standards organisation World Wide Web Consortium.
246,http://data.europa.eu/esco/skill/2de4572a-4724-4f76-afc2-72a568a264ac,speak different languages,skill/competence,Master foreign languages to be able to communicate in one or more foreign languages.
247,http://data.europa.eu/esco/skill/598de5b0-5b58-4ea7-8058-a4bc4d18c742,sql,knowledge,The computer language SQL is a query language for retrieval of information from a database and of documents containing the needed information. It is developed by the American National Standards Institute and the International Organization for Standardization.
248,http://data.europa.eu/esco/skill/c062bab3-3ea0-4291-9220-a2d8fef4bead,sql server,knowledge,"The computer program SQL Server is a tool for creating, updating and managing databases, developed by the software company Microsoft."
249,http://data.europa.eu/esco/skill/6f7512ab-d46d-402a-8c30-a8878d7c1f88,sql server integration services,knowledge,"The computer program SQL Server Integration Services is a tool for integration of information from multiple applications, created and maintained by organisations, into one consistent and transparent data structure, developed by the software company Microsoft."
250,http://data.europa.eu/esco/skill/d38871eb-b988-495e-8fca-345677b597a8,state estimation,knowledge,The process of fusing input data measurements and a mathematical model to determine the internal state of an energy system.
251,http://data.europa.eu/esco/skill/68ef0e4d-5542-4e64-84f4-752cce5a3c22,statistical modeling techniques,knowledge,The approaches for employing statistical analysis to dataset within the data science field. It seeks to elaborate reality predictions through statistical models and explicit assumptions.
252,http://data.europa.eu/esco/skill/7ee4c2ea-b349-4bd2-81a3-ec31475d4833,statistics,knowledge,"The study of statistical theory, methods and practices such as collection, organisation, analysis, interpretation and presentation of data. It deals with all aspects of data including the planning of data collection in terms of the design of surveys and experiments in order to forecast and plan work-related activities."
253,http://data.europa.eu/esco/skill/611ed16b-99bf-4840-9cab-f55d1d286e0a,store digital data and systems,skill/competence,"Use software tools to archive data by copying and backing them up, in order to ensure their integrity and to prevent data loss."
254,http://data.europa.eu/esco/skill/db36f7f1-5900-45bd-9ffb-f2b19c4362ac,support ict system users,skill/competence,"Communicate with end users, instruct them on how to progress with tasks, use ICT support tools and methods to solve problems and identify possible side effects and provide solutions."
255,http://data.europa.eu/esco/skill/be80acfc-b6f2-4411-9b8d-b19d9cd2556a,swift (computer programming),knowledge,"The techniques and principles of software development, such as analysis, algorithms, coding, testing and compiling of programming paradigms in Swift."
256,http://data.europa.eu/esco/skill/f715be1d-5fc4-49d3-82a5-0b8090d12849,synthesise information,skill/competence,"Critically read, interpret, and summarise new and complex information from diverse sources."
257,http://data.europa.eu/esco/skill/47ca0da1-cae5-4395-ae6b-fd97b9ff48d3,system backup best practice,knowledge,The procedures related to preparing for recovery or continuation of technology infrastructure vital to an organisation.
258,http://data.europa.eu/esco/skill/09f2f811-a3fb-4de3-a70f-6420a6935575,systems development life-cycle,knowledge,"The sequence of steps, such as planning, creating, testing and deploying and the models for the development and life-cycle management of a system."
259,http://data.europa.eu/esco/skill/cdd8b6b2-2fd9-453c-8d62-8a1dc6efcd49,systems theory,knowledge,"The principles that can be applied to all types of systems at all hierarchical levels, which describe the system's internal organisation, its mechanisms of maintaining identity and stability and achieving adaptation and self-regulation and its dependencies and interaction with the environment."
260,http://data.europa.eu/esco/skill/7482a123-e801-48de-9733-262125671410,task algorithmisation,knowledge,The techniques to convert unstructured descriptions of a process into step-by-step sequence of actions of a finite number of steps.
261,http://data.europa.eu/esco/skill/4cd85845-f31c-4306-994d-e12d45114d83,teach in academic or vocational contexts,skill/competence,"Instruct students in the theory and practice of academic or vocational subjects, transferring the content of own and others' research activities."
262,http://data.europa.eu/esco/skill/d9eaf831-9348-4330-a83e-b7c099cdc8f6,teradata database,knowledge,"The computer program Teradata Database is a tool for creating, updating and managing databases, developed by the software company Teradata Corporation."
263,http://data.europa.eu/esco/skill/e2fb1ee4-fbf9-4690-b677-3e6ff7cfdc48,test ict queries,skill/competence,Assess that developed queries return and execute correct actions and data.
264,http://data.europa.eu/esco/skill/9a58cd26-58eb-4a1c-b1b6-64037fe9cfa1,think abstractly,skill/competence,"Demonstrate the ability to use concepts in order to make and understand generalisations, and relate or connect them to other items, events, or experiences."
265,http://data.europa.eu/esco/skill/e54ff029-1ce9-447d-a5b2-eb7283a23e6e,train employees,skill/competence,Lead and guide employees through a process in which they are taught the necessary skills for the perspective job. Organise activities aimed at introducing the work and systems or improving the performance of individuals and groups in organisational settings.
266,http://data.europa.eu/esco/skill/4e6d2538-a48e-48a7-8dad-14b067cfcb8b,triplestore,knowledge,The RDF store or TripleStore is a database used for storage and retrieval of Resource Description Framework triples (subject-predicate-object data entities) which can be accessed by semantic queries.
267,http://data.europa.eu/esco/skill/867137fb-ff1b-4ca3-99f3-cb6969aa2c68,typescript,knowledge,"The techniques and principles of software development, such as analysis, algorithms, coding, testing and compiling of programming paradigms in TypeScript."
268,http://data.europa.eu/esco/skill/c5e8abde-d2ba-4e8e-a65e-720b71180666,unstructured data,knowledge,The information that is not arranged in a pre-defined manner or does not have a pre-defined data model and is difficult to understand and find patterns in without using techniques such as data mining.
269,http://data.europa.eu/esco/skill/5da73370-f6b9-417d-a94c-09bf01f84aa2,use access control software,skill/competence,"Utilise software to define the roles and manage user authentication, privileges and access rights to ICT systems, data and services."
270,http://data.europa.eu/esco/skill/04fe962b-4017-4eb7-9139-7d69b6922bc9,use an application-specific interface,skill/competence,Understand and use interfaces particular to an application or use case.
271,http://data.europa.eu/esco/skill/7d10fcb2-b368-48ab-996b-7c9fafcf68ed,use automatic programming,skill/competence,"Utilise specialised software tools to generate computer code from specifications, such as diagrams, structured informations or other means of describing functionality."
272,http://data.europa.eu/esco/skill/82de2df7-0d6c-42b1-94ac-b3e9a029e917,use back-up and recovery tools,skill/competence,"Use tools which allow users to copy and archive computer software, configurations and data and recover them in case of loss."
273,http://data.europa.eu/esco/skill/1b70a55d-b8a4-49fc-96c6-15ab4cff2522,use data processing techniques,skill/competence,"Gather, process and analyse relevant data and information, properly store and update data and represent figures and data using charts and statistical diagrams."
274,http://data.europa.eu/esco/skill/4463a721-69f3-413d-8321-43e3af13a4f1,use databases,skill/competence,"Use software tools for managing and organising data in a structured environment which consists of attributes, tables and relationships in order to query and modify the stored data."
275,http://data.europa.eu/esco/skill/415abd43-e8e5-4643-b5da-5f11307af57a,use different communication channels,skill/competence,"Make use of various types of communication channels such as verbal, handwritten, digital and telephonic communication with the purpose of constructing and sharing ideas or information."
276,http://data.europa.eu/esco/skill/0af062de-eb43-41e9-9b96-249e2cd22d26,use markup languages,skill/competence,"Utilise computer languages that are syntactically distinguishable from the text, to add annotations to a document, specify layout and process types of documents such as HTML."
277,http://data.europa.eu/esco/skill/fdf15b35-9028-4acb-bfd2-43f00a015cd9,use personal organization software,skill/competence,"Use software tools, such as calendars, to-do lists, time-tracking, contact lists, to help in managing personal efficiency."
278,http://data.europa.eu/esco/skill/75f839c2-fd9a-4ad3-8921-6e734608568d,use query languages,skill/competence,Retrieve information from a database or information system using computer languages designed for the retrieval of data.
279,http://data.europa.eu/esco/skill/5ef0c719-5bcb-49f8-b8eb-824388225333,use scripting programming,skill/competence,"Utilise specialised ICT tools to create computer code that is interpreted by the corresponding run-time environments in order to extend applications and automate common computer operations. Use programming languages which support this method such as Unix Shell scripts, JavaScript, Python and Ruby."
280,http://data.europa.eu/esco/skill/2b7a79e5-84d8-4880-be66-3d9bb05bea17,use software design patterns,skill/competence,"Utilise reusable solutions, formalised best practices, to solve common ICT development tasks in software development and design."
281,http://data.europa.eu/esco/skill/1973c966-f236-40c9-b2d4-5d71a89019be,use spreadsheets software,skill/competence,"Use software tools to create and edit tabular data to carry out mathematical calculations, organise data and information, create diagrams based on data and to retrieve them."
282,http://data.europa.eu/esco/skill/8369c2d6-c100-4cf6-bd83-9668d8678433,utilise machine learning,skill/competence,"Use techniques and algorithms that are able to extract mastery out of data, learn from it and make predictions, to be used for program optimisation, application adaptation, pattern recognition, filtering, search engines and computer vision."
283,http://data.europa.eu/esco/skill/697dcc9f-ae92-4506-b5f2-e770d7589f74,utilise regular expressions,skill/competence,Combine characters from a specific alphabet using well defined rules to generate character strings that can be used to describe a language or a pattern.
284,http://data.europa.eu/esco/skill/dcdd5ddf-82a6-4ac3-8edc-d4b23cae9a88,vbscript,knowledge,"The techniques and principles of software development, such as analysis, algorithms, coding, testing and compiling of programming paradigms in VBScript."
285,http://data.europa.eu/esco/skill/ee3b1553-2dc5-434b-8dcf-4ae3a40b3a48,verify formal ict specifications,skill/competence,"Check capabilities, correctness and efficiency of intended algorithm or system to match certain formal specifications."
286,http://data.europa.eu/esco/skill/13bdd41a-2a18-441f-96db-41252c519413,visual basic,knowledge,"The techniques and principles of software development, such as analysis, algorithms, coding, testing and compiling of programming paradigms in Visual Basic."
287,http://data.europa.eu/esco/skill/348b74cd-49ce-4844-8bdf-ec188b497213,visual presentation techniques,knowledge,"The visual representation and interaction techniques, such as histograms, scatter plots, surface plots, tree maps and parallel coordinate plots, that can be used to present abstract numerical and non-numerical data, in order to reinforce the human understanding of this information."
288,http://data.europa.eu/esco/skill/1605025e-a179-421f-8f35-5b07d182a6b2,web analytics,knowledge,"The characteristics, tools and techniques for measurement, collection, analysis and reporting of web data to get information on the users' behaviour and to improve the performance of a website."
289,http://data.europa.eu/esco/skill/69bbd53f-fbb0-4476-b4b2-ef7844464e28,web programming,knowledge,"The programming paradigm that is based on combining markup (which adds context and structure to text) and other web programming code, such as AJAX, javascript and PHP, in order to carry out appropriate actions and visualise the content."
290,http://data.europa.eu/esco/skill/6d289e8b-2cc1-4eda-ab1f-ad1090ef98f0,wordpress,knowledge,"The open-source web-based software systems used for creating, editing, publishing and archiving blogs, articles, web pages or press releases which are mostly managed by users with limited web programming knowledge."
291,http://data.europa.eu/esco/skill/64db87c7-2360-4e20-88d3-d222402e477c,write database documentation,skill/competence,Develop documentation containing information about the database that is relevant to end users.
292,http://data.europa.eu/esco/skill/c3c2420c-ce9a-4371-8eed-1db479c3a562,write scientific publications,skill/competence,"Present the hypothesis, findings, and conclusions of your scientific research in your field of expertise in a professional publication."
293,http://data.europa.eu/esco/skill/3f4dab51-572b-4e2c-85ef-3b4c3f7094e1,xquery,knowledge,The computer language XQuery is a query language for retrieval of information from a database and of documents containing the needed information. It is developed by the international standards organisation World Wide Web Consortium.
