skill_name,concept_id,skill_type
python (computer programming),223,knowledge
statistics,252,knowledge
data visualisation software,64,knowledge
perform data cleansing,201,skill/competence
utilise machine learning,282,skill/competence
data ethics,57,knowledge
collect ict data,40,skill/competence
execute analytical mathematical calculations,100,skill/competence
build recommender systems,28,skill/competence
perform scientific research,207,skill/competence
report analysis results,230,skill/competence
interpret current data,141,skill/competence
data mining,59,knowledge
mathematical modelling,172,knowledge
