occupation_id,concept_id,relation_type
6,136,essential
6,65,essential
6,66,essential
6,289,essential
6,119,essential
6,31,essential
6,232,essential
6,227,essential
6,67,essential
6,68,essential
6,259,essential
6,178,essential
6,276,essential
6,82,essential
6,24,essential
6,157,essential
6,52,essential
6,274,essential
6,291,essential
6,79,essential
6,190,essential
6,123,essential
6,51,essential
6,50,essential
6,9,essential
6,169,essential
6,15,essential
6,73,essential
6,111,optional
6,96,optional
6,238,optional
6,4,optional
6,234,optional
6,41,optional
6,149,optional
6,286,optional
6,143,optional
6,174,optional
6,44,optional
6,215,optional
6,187,optional
6,144,optional
6,69,optional
6,176,optional
6,293,optional
6,208,optional
6,243,optional
6,209,optional
6,188,optional
6,23,optional
6,185,optional
6,33,optional
6,181,optional
6,266,optional
6,228,optional
6,107,optional
6,22,optional
6,11,optional
6,245,optional
6,64,optional
6,177,optional
6,113,optional
6,267,optional
6,38,optional
6,184,optional
6,179,optional
6,146,optional
6,210,optional
6,5,optional
6,34,optional
6,104,optional
6,236,optional
6,255,optional
6,118,optional
6,248,optional
6,173,optional
6,268,optional
6,35,optional
6,148,optional
6,223,optional
6,242,optional
6,213,optional
6,262,optional
6,147,optional
6,284,optional
6,194,optional
6,37,optional
6,214,optional
6,171,optional
6,197,optional
6,1,optional
6,62,optional
6,182,optional
6,60,optional
6,239,optional
6,72,optional
6,200,optional
6,269,optional
6,253,optional
6,278,optional
6,78,optional
6,272,optional
6,86,optional
6,77,optional
6,20,optional
6,233,optional
6,154,optional
6,26,optional
6,206,optional
6,81,optional
3,89,essential
3,65,essential
3,45,essential
3,55,essential
3,63,essential
3,68,essential
3,36,essential
3,268,essential
3,60,essential
3,167,essential
3,273,essential
3,97,essential
3,203,essential
3,274,essential
3,160,essential
3,166,essential
3,253,essential
3,78,essential
3,50,essential
3,155,essential
3,212,essential
3,84,essential
3,128,essential
3,252,optional
3,262,optional
3,237,optional
3,10,optional
3,49,optional
5,172,essential
5,59,essential
5,287,essential
5,56,essential
5,226,essential
5,64,essential
5,251,essential
5,135,essential
5,241,essential
5,252,essential
5,133,essential
5,232,essential
5,227,essential
5,186,essential
5,57,essential
5,62,essential
5,95,essential
5,60,essential
5,94,essential
5,183,essential
5,167,essential
5,273,essential
5,141,essential
5,140,essential
5,90,essential
5,189,essential
5,97,essential
5,246,essential
5,100,essential
5,99,essential
5,75,essential
5,274,essential
5,109,essential
5,130,essential
5,159,essential
5,207,essential
5,28,essential
5,201,essential
5,163,essential
5,14,essential
5,79,essential
5,127,essential
5,40,essential
5,17,essential
5,216,essential
5,222,essential
5,218,essential
5,264,essential
5,175,essential
5,156,essential
5,165,essential
5,292,essential
5,74,essential
5,230,essential
5,85,essential
5,137,essential
5,205,essential
5,164,essential
5,256,essential
5,48,essential
5,84,essential
5,217,essential
5,42,essential
5,46,optional
5,170,optional
5,30,optional
5,174,optional
5,244,optional
5,293,optional
5,124,optional
5,240,optional
5,245,optional
5,231,optional
5,88,optional
5,29,optional
5,180,optional
5,112,optional
5,146,optional
5,268,optional
5,148,optional
5,61,optional
5,250,optional
5,108,optional
5,43,optional
5,182,optional
5,161,optional
5,281,optional
5,202,optional
5,138,optional
5,261,optional
5,160,optional
5,71,optional
5,78,optional
5,155,optional
5,12,optional
5,152,optional
5,49,optional
1,89,essential
1,136,essential
1,46,essential
1,258,essential
1,132,essential
1,44,essential
1,59,essential
1,287,essential
1,7,essential
1,21,essential
1,135,essential
1,260,essential
1,133,essential
1,31,essential
1,232,essential
1,268,essential
1,223,essential
1,211,essential
1,62,essential
1,60,essential
1,54,essential
1,273,essential
1,80,essential
1,8,essential
1,83,essential
1,50,essential
1,9,essential
1,87,essential
1,74,essential
1,15,essential
1,73,essential
1,111,optional
1,96,optional
1,238,optional
1,4,optional
1,234,optional
1,41,optional
1,149,optional
1,286,optional
1,30,optional
1,143,optional
1,215,optional
1,187,optional
1,144,optional
1,208,optional
1,243,optional
1,209,optional
1,23,optional
1,33,optional
1,228,optional
1,107,optional
1,245,optional
1,191,optional
1,47,optional
1,177,optional
1,267,optional
1,29,optional
1,38,optional
1,184,optional
1,67,optional
1,179,optional
1,34,optional
1,236,optional
1,255,optional
1,118,optional
1,173,optional
1,148,optional
1,242,optional
1,213,optional
1,147,optional
1,284,optional
1,37,optional
1,197,optional
1,70,optional
1,182,optional
1,239,optional
1,161,optional
1,24,optional
1,27,optional
1,203,optional
1,153,optional
1,19,optional
1,28,optional
1,122,optional
1,79,optional
1,282,optional
1,76,optional
1,26,optional
1,162,optional
4,136,essential
4,66,essential
4,232,essential
4,227,essential
4,57,essential
4,183,essential
4,273,essential
4,157,essential
4,97,essential
4,109,essential
4,201,essential
4,71,essential
4,283,essential
4,79,essential
4,127,essential
4,155,essential
4,2,essential
4,230,essential
4,169,essential
4,212,essential
4,174,optional
4,287,optional
4,293,optional
4,56,optional
4,245,optional
4,252,optional
4,32,optional
4,112,optional
4,146,optional
4,148,optional
4,61,optional
4,182,optional
4,168,optional
4,200,optional
4,100,optional
4,101,optional
4,78,optional
4,205,optional
4,26,optional
4,265,optional
7,136,essential
7,93,essential
7,257,essential
7,91,essential
7,232,essential
7,227,essential
7,67,essential
7,63,essential
7,68,essential
7,61,essential
7,60,essential
7,72,essential
7,270,essential
7,3,essential
7,13,essential
7,157,essential
7,274,essential
7,279,essential
7,79,essential
7,190,essential
7,204,essential
7,142,essential
7,25,essential
7,77,essential
7,199,essential
7,150,essential
7,151,essential
7,49,essential
7,30,optional
7,174,optional
7,69,optional
7,176,optional
7,293,optional
7,188,optional
7,56,optional
7,185,optional
7,181,optional
7,266,optional
7,245,optional
7,113,optional
7,146,optional
7,210,optional
7,186,optional
7,104,optional
7,248,optional
7,225,optional
7,148,optional
7,262,optional
7,194,optional
7,171,optional
7,182,optional
7,129,optional
7,281,optional
7,219,optional
7,275,optional
7,271,optional
7,101,optional
7,78,optional
7,272,optional
7,229,optional
7,126,optional
7,220,optional
7,154,optional
7,221,optional
7,254,optional
7,98,optional
7,125,optional
8,136,essential
8,258,essential
8,66,essential
8,289,essential
8,119,essential
8,31,essential
8,232,essential
8,227,essential
8,67,essential
8,68,essential
8,259,essential
8,178,essential
8,276,essential
8,82,essential
8,24,essential
8,157,essential
8,200,essential
8,52,essential
8,291,essential
8,79,essential
8,190,essential
8,51,essential
8,50,essential
8,9,essential
8,169,essential
8,15,essential
8,73,essential
8,111,optional
8,96,optional
8,238,optional
8,4,optional
8,234,optional
8,41,optional
8,149,optional
8,286,optional
8,143,optional
8,174,optional
8,44,optional
8,215,optional
8,187,optional
8,144,optional
8,69,optional
8,176,optional
8,293,optional
8,208,optional
8,243,optional
8,209,optional
8,188,optional
8,23,optional
8,56,optional
8,185,optional
8,33,optional
8,181,optional
8,266,optional
8,228,optional
8,107,optional
8,22,optional
8,11,optional
8,245,optional
8,196,optional
8,177,optional
8,113,optional
8,267,optional
8,38,optional
8,184,optional
8,179,optional
8,146,optional
8,210,optional
8,5,optional
8,34,optional
8,104,optional
8,236,optional
8,255,optional
8,118,optional
8,248,optional
8,173,optional
8,268,optional
8,35,optional
8,148,optional
8,223,optional
8,242,optional
8,213,optional
8,262,optional
8,147,optional
8,284,optional
8,194,optional
8,37,optional
8,171,optional
8,197,optional
8,1,optional
8,62,optional
8,182,optional
8,60,optional
8,239,optional
8,72,optional
8,274,optional
8,269,optional
8,78,optional
8,77,optional
8,20,optional
8,154,optional
8,26,optional
8,206,optional
9,232,essential
9,227,essential
9,58,essential
9,67,essential
9,63,essential
9,68,essential
9,61,essential
9,270,essential
9,120,essential
9,274,essential
9,291,essential
9,39,essential
9,142,essential
9,16,essential
9,25,essential
9,230,essential
9,199,essential
9,98,essential
9,263,essential
9,49,essential
9,111,optional
9,96,optional
9,238,optional
9,234,optional
9,41,optional
9,149,optional
9,131,optional
9,286,optional
9,114,optional
9,143,optional
9,174,optional
9,44,optional
9,195,optional
9,215,optional
9,187,optional
9,193,optional
9,144,optional
9,69,optional
9,176,optional
9,293,optional
9,208,optional
9,198,optional
9,243,optional
9,209,optional
9,188,optional
9,23,optional
9,56,optional
9,185,optional
9,33,optional
9,181,optional
9,266,optional
9,228,optional
9,107,optional
9,22,optional
9,11,optional
9,247,optional
9,245,optional
9,290,optional
9,249,optional
9,115,optional
9,177,optional
9,113,optional
9,267,optional
9,192,optional
9,6,optional
9,224,optional
9,38,optional
9,184,optional
9,145,optional
9,179,optional
9,146,optional
9,210,optional
9,5,optional
9,34,optional
9,104,optional
9,236,optional
9,255,optional
9,248,optional
9,173,optional
9,35,optional
9,148,optional
9,223,optional
9,116,optional
9,242,optional
9,262,optional
9,284,optional
9,194,optional
9,37,optional
9,110,optional
9,237,optional
9,171,optional
9,197,optional
9,1,optional
9,182,optional
9,117,optional
9,235,optional
9,239,optional
9,53,optional
9,281,optional
9,280,optional
9,100,optional
9,153,optional
9,202,optional
9,253,optional
9,278,optional
9,101,optional
9,272,optional
9,103,optional
9,158,optional
9,2,optional
9,154,optional
9,102,optional
9,139,optional
9,285,optional
9,277,optional
9,121,optional
2,89,essential
2,136,essential
2,30,essential
2,59,essential
2,92,essential
2,287,essential
2,56,essential
2,64,essential
2,135,essential
2,252,essential
2,133,essential
2,29,essential
2,232,essential
2,227,essential
2,134,essential
2,268,essential
2,61,essential
2,57,essential
2,62,essential
2,60,essential
2,183,essential
2,273,essential
2,141,essential
2,97,essential
2,100,essential
2,18,essential
2,202,essential
2,274,essential
2,138,essential
2,8,essential
2,109,essential
2,201,essential
2,71,essential
2,127,essential
2,40,essential
2,155,essential
2,170,optional
2,288,optional
2,174,optional
2,132,optional
2,244,optional
2,293,optional
2,66,optional
2,124,optional
2,245,optional
2,251,optional
2,231,optional
2,105,optional
2,180,optional
2,112,optional
2,146,optional
2,63,optional
2,186,optional
2,36,optional
2,148,optional
2,108,optional
2,182,optional
2,106,optional
2,281,optional
2,166,optional
2,253,optional
2,156,optional
2,152,optional
2,74,optional
2,230,optional
2,154,optional
2,49,optional
