model,occupation_name,precision,recall,f1_score,support,model_id,occupation_id,is_data_scientist
Logistic regression,artificial intelligence engineer,1.0,1.0,1.0,40,1,1,False
Logistic regression,data analyst,1.0,1.0,1.0,40,1,2,False
Logistic regression,data engineer,1.0,1.0,1.0,40,1,3,False
Logistic regression,data quality specialist,1.0,1.0,1.0,40,1,4,False
Logistic regression,data scientist,1.0,1.0,1.0,40,1,5,True
Logistic regression,data warehouse designer,0.8947368421052632,0.85,0.8717948717948718,40,1,6,False
Logistic regression,database administrator,1.0,1.0,1.0,40,1,7,False
Logistic regression,database designer,0.8571428571428571,0.9,0.8780487804878049,40,1,8,False
Logistic regression,database developer,1.0,1.0,1.0,40,1,9,False
K-nearest neighbours,artificial intelligence engineer,1.0,1.0,1.0,40,2,1,False
K-nearest neighbours,data analyst,1.0,1.0,1.0,40,2,2,False
K-nearest neighbours,data engineer,1.0,1.0,1.0,40,2,3,False
K-nearest neighbours,data quality specialist,1.0,1.0,1.0,40,2,4,False
K-nearest neighbours,data scientist,1.0,1.0,1.0,40,2,5,True
K-nearest neighbours,data warehouse designer,0.8947368421052632,0.85,0.8717948717948718,40,2,6,False
K-nearest neighbours,database administrator,1.0,1.0,1.0,40,2,7,False
K-nearest neighbours,database designer,0.8571428571428571,0.9,0.8780487804878049,40,2,8,False
K-nearest neighbours,database developer,1.0,1.0,1.0,40,2,9,False
